transaction_id,user_id,amount,currency,transaction_date,is_fraud
1,6278,7970,CNY,2022-07-17 13:37:09,0
2,4866,1923,GBP,2023-04-15 16:36:52,0
3,3006,-9547,GBP,2023-02-02 08:07:51,0
4,3728,-3359,USD,2022-07-07 09:09:01,0
5,6385,-7505,USD,2023-02-01 08:23:58,0
6,1301,4724,RUB,2023-12-15 19:04:47,0
7,8453,-7684,JPY,2023-08-09 11:56:25,0
8,3519,1366,USD,2023-04-03 14:37:09,1
9,2806,-408,GBP,2022-05-21 08:22:27,0
10,3962,-2532,EUR,2022-10-03 04:53:46,0
11,7357,-4788,GBP,2024-12-30 17:47:41,1
12,9356,8747,CNY,2022-03-21 14:55:10,1
13,4652,6277,JPY,2024-01-30 01:43:11,0
14,826,3904,EUR,2023-09-14 10:10:10,0
15,2213,-3483,USD,2024-04-30 04:39:22,0
16,8877,7835,JPY,2022-10-08 04:36:49,0
17,4765,8226,CNY,2022-11-29 17:31:59,0
18,3650,-3005,EUR,2023-09-03 08:10:14,0
19,2781,-8512,JPY,2023-01-22 21:19:58,0
20,387,9442,USD,2022-05-18 02:19:27,0
21,9504,3342,EUR,2023-01-31 19:13:35,0
22,396,-3015,CNY,2022-07-14 17:04:52,0
23,538,-3648,USD,2022-07-19 09:30:57,0
24,1374,-7065,CNY,2022-02-04 16:32:26,0
25,512,7946,JPY,2023-11-01 07:40:16,1
26,8376,6567,RUB,2022-08-31 15:37:39,0
27,846,6278,USD,2022-07-25 12:31:38,0
28,4011,5495,RUB,2024-11-30 19:27:47,1
29,6663,6466,RUB,2022-07-21 11:02:10,1
30,202,-105,EUR,2023-02-04 17:26:31,0
31,136,-5501,RUB,2023-09-19 08:31:57,1
32,7433,-9147,JPY,2022-06-18 05:11:14,1
33,969,-737,EUR,2023-11-05 17:01:00,1
34,8667,9659,USD,2024-04-06 17:53:31,0
35,2536,-6016,GBP,2022-02-09 02:39:47,0
36,3825,1388,CNY,2024-07-08 10:15:49,1
37,4887,4665,USD,2024-08-06 16:29:40,0
38,4820,8419,CNY,2023-08-30 14:44:08,0
39,8333,-2972,CNY,2024-07-24 18:20:23,0
40,566,3226,CNY,2024-03-19 21:15:41,1
41,2898,-4051,GBP,2023-12-09 10:01:30,0
42,2570,-3386,JPY,2022-04-23 02:47:18,1
43,9633,-3969,GBP,2023-04-08 18:48:53,1
44,2318,-5246,EUR,2023-09-11 21:14:17,0
45,4666,-1038,EUR,2024-08-02 03:36:07,1
46,8011,8541,CNY,2022-09-19 13:07:15,1
47,6528,5128,RUB,2022-11-05 09:09:08,1
48,8888,-851,EUR,2023-02-11 15:16:12,0
49,8176,-7675,CNY,2022-06-16 13:30:30,1
50,2995,-4542,CNY,2023-12-12 12:06:05,0
51,7068,-5659,GBP,2023-01-10 13:43:08,1
52,4223,2231,GBP,2024-04-16 06:13:14,0
53,1765,6613,RUB,2022-05-10 01:44:37,1
54,3653,2845,JPY,2023-01-22 23:46:46,0
55,5450,-4703,USD,2023-04-26 16:24:31,1
56,9348,-5096,USD,2022-01-10 03:58:06,0
57,972,7618,USD,2023-08-10 08:58:39,1
58,4605,-9308,USD,2023-11-08 07:57:23,1
59,9549,4897,USD,2022-01-27 07:24:23,0
60,9932,-2542,JPY,2024-10-02 20:03:47,1
61,2042,5684,RUB,2022-12-03 18:00:47,1
62,6255,-3455,JPY,2022-04-18 19:56:10,1
63,7847,-7093,CNY,2024-08-31 13:37:37,0
64,3152,-3446,RUB,2023-02-04 11:48:18,1
65,335,-8341,GBP,2022-11-20 02:57:16,0
66,6544,-8667,JPY,2024-02-23 11:46:53,1
67,9028,-9950,JPY,2023-03-10 19:09:59,0
68,4648,-7632,RUB,2022-12-17 07:24:26,1
69,6652,-9555,EUR,2024-06-23 12:35:56,0
70,4047,-9886,USD,2024-07-07 00:33:13,0
71,1276,-1698,EUR,2024-03-11 13:52:59,1
72,7771,8965,GBP,2023-08-28 16:23:40,0
73,1064,5368,JPY,2022-01-31 19:53:23,1
74,3416,-6123,RUB,2023-03-31 12:26:25,0
75,1648,5958,EUR,2024-10-05 14:36:39,1
76,1346,-4318,USD,2022-11-30 16:11:12,1
77,926,-5976,CNY,2023-05-15 14:02:57,0
78,1634,-1144,CNY,2022-01-22 02:49:59,0
79,8755,-8056,GBP,2023-12-24 13:38:28,1
80,4827,2752,CNY,2023-10-19 21:56:56,1
81,3977,-2884,USD,2023-07-10 02:18:53,0
82,2053,-9371,CNY,2024-11-01 12:26:20,0
83,7542,-4100,EUR,2024-06-17 22:32:14,0
84,8191,-6146,USD,2022-12-25 02:42:20,0
85,6145,2777,GBP,2022-04-20 07:57:43,0
86,7663,-4120,RUB,2022-07-11 00:21:41,0
87,5403,1982,CNY,2024-11-24 23:39:28,1
88,9971,3641,GBP,2022-06-03 11:12:05,0
89,1426,-190,GBP,2023-08-24 08:26:20,0
90,8187,-4656,EUR,2023-03-20 08:35:21,1
91,6724,-2446,USD,2022-01-13 05:38:12,0
92,8964,-4453,EUR,2023-07-25 07:25:08,0
93,4958,6422,RUB,2022-06-19 10:43:04,1
94,2115,7261,GBP,2024-08-07 17:47:21,0
95,5741,-9042,JPY,2023-02-18 02:49:21,0
96,7839,4164,CNY,2022-10-22 15:59:49,1
97,7441,9875,CNY,2023-07-14 12:18:10,0
98,5315,-8009,CNY,2022-05-09 03:31:06,0
99,7886,-9452,CNY,2023-01-25 12:34:54,0
100,2748,318,GBP,2022-08-08 02:45:57,1
101,9576,5192,JPY,2023-05-11 16:08:08,0
102,2683,8950,EUR,2024-10-01 22:38:16,1
103,9661,5301,USD,2023-09-23 16:22:08,1
104,4102,3216,CNY,2022-07-26 15:44:46,0
105,8408,-3913,JPY,2023-10-07 18:28:08,0
106,7587,7971,RUB,2022-08-28 08:32:57,1
107,3460,1203,GBP,2024-10-19 10:02:37,0
108,5306,-7680,EUR,2024-07-18 12:23:22,0
109,9530,7486,USD,2024-12-11 21:48:32,0
110,2926,5197,EUR,2022-01-11 04:04:58,1
111,7822,-6730,RUB,2023-02-25 04:41:28,1
112,3340,3173,RUB,2024-08-16 09:46:56,1
113,8975,9553,CNY,2024-12-11 01:55:20,0
114,7033,-3774,JPY,2022-12-26 15:03:32,0
115,5259,4826,GBP,2024-08-23 05:07:44,0
116,1593,-7306,EUR,2024-07-07 03:12:17,1
117,5234,8771,CNY,2024-03-02 22:32:30,0
118,843,-8351,EUR,2024-03-06 03:52:29,1
119,5344,-6892,EUR,2022-12-11 11:10:47,0
120,7170,8072,CNY,2023-04-23 06:54:06,1
121,6054,7186,GBP,2024-11-15 10:45:28,1
122,7340,-8922,CNY,2022-07-14 11:12:07,0
123,4610,-6369,CNY,2023-07-21 20:38:17,1
124,6861,7651,EUR,2024-02-21 22:37:22,1
125,8203,-3276,EUR,2024-06-19 19:50:10,1
126,4995,8374,JPY,2024-09-24 10:08:48,1
127,5130,-6653,EUR,2022-05-27 19:29:23,0
128,8837,-1904,EUR,2022-01-23 03:33:42,1
129,2177,4158,EUR,2023-06-30 20:52:02,0
130,2390,6898,GBP,2022-12-09 17:57:41,1
131,6276,-5908,EUR,2023-02-20 21:54:14,1
132,4000,-8018,EUR,2022-08-21 14:57:37,1
133,6260,7698,USD,2022-06-14 06:00:23,1
134,8105,-5940,CNY,2024-08-08 11:26:37,1
135,4794,-2767,JPY,2023-04-15 22:40:43,1
136,2521,-4441,EUR,2022-09-09 19:16:01,1
137,9832,6460,CNY,2023-07-10 20:00:05,0
138,5376,6548,RUB,2024-09-29 02:03:26,0
139,7430,-3006,CNY,2024-06-29 02:44:21,1
140,3487,3479,GBP,2024-09-04 06:00:03,1
141,3258,-3353,JPY,2024-04-09 21:33:36,0
142,5281,5794,GBP,2022-04-21 06:33:44,1
143,974,-5289,RUB,2024-06-09 04:10:24,0
144,7121,4828,GBP,2023-08-07 02:06:32,0
145,7032,-1263,JPY,2023-11-01 04:17:52,0
146,1482,6750,CNY,2023-02-26 22:05:45,1
147,4602,8508,RUB,2024-01-29 23:49:25,0
148,6747,-3755,EUR,2022-08-22 23:12:51,0
149,3207,2285,JPY,2024-11-01 06:06:07,0
150,7510,3607,EUR,2022-07-26 10:30:49,0
151,1898,-9206,USD,2024-01-26 18:54:04,0
152,1906,-3182,JPY,2022-03-31 03:07:38,1
153,9483,6531,CNY,2023-12-17 09:15:14,1
154,613,2938,CNY,2022-05-17 17:07:32,1
155,1194,-7826,GBP,2023-10-16 22:31:24,1
156,9149,-8609,JPY,2024-01-08 09:38:59,0
157,1905,607,CNY,2022-05-16 01:14:37,1
158,2221,-2206,EUR,2023-03-16 10:28:40,0
159,5101,-6848,EUR,2024-06-29 08:39:33,0
160,7271,5088,RUB,2024-09-13 11:35:27,0
161,9421,-7964,CNY,2024-07-20 21:47:29,0
162,2330,548,RUB,2024-01-08 23:30:50,0
163,5045,-9477,GBP,2023-07-16 21:53:03,1
164,158,773,GBP,2022-06-27 12:01:25,1
165,4264,3292,JPY,2023-03-03 07:32:24,1
166,8618,-3026,CNY,2024-07-30 11:37:15,1
167,4109,7370,RUB,2024-12-30 09:19:34,0
168,133,-8084,CNY,2022-07-09 14:57:26,0
169,7784,-3817,EUR,2022-04-30 08:31:43,0
170,3459,-1860,GBP,2023-03-15 22:24:59,0
171,3669,-7750,CNY,2022-03-02 17:15:38,0
172,5052,613,JPY,2022-04-28 20:49:32,0
173,732,4916,USD,2022-10-04 09:53:38,1
174,5540,5864,JPY,2023-11-05 02:12:38,1
175,9919,1757,EUR,2022-02-28 23:48:07,0
176,736,-5459,CNY,2024-04-08 08:07:23,1
177,8401,2837,RUB,2022-03-26 07:22:17,0
178,5565,5564,JPY,2024-10-08 06:23:39,1
179,4812,-4711,EUR,2022-06-11 04:05:06,0
180,7645,-5136,CNY,2022-11-17 06:56:23,1
181,5931,8712,RUB,2022-10-24 06:34:17,0
182,6175,-9877,RUB,2023-12-29 03:25:47,0
183,6149,8724,USD,2023-03-08 13:13:07,0
184,7814,2678,USD,2023-09-15 22:01:47,0
185,3151,-2486,USD,2023-08-23 10:53:15,0
186,154,9662,USD,2022-01-09 13:12:34,1
187,3052,8064,JPY,2024-06-20 05:50:40,0
188,9822,8040,JPY,2022-07-28 04:05:59,0
189,8634,5559,USD,2024-08-02 08:50:29,0
190,9511,-4282,USD,2023-02-28 12:42:05,1
191,7415,5266,EUR,2023-03-28 15:55:00,0
192,3187,446,RUB,2022-05-07 22:57:34,0
193,7848,802,USD,2024-08-22 13:29:18,0
194,7447,9369,CNY,2023-10-08 04:33:20,0
195,2357,6801,RUB,2022-01-08 19:39:12,0
196,473,722,CNY,2023-01-18 18:47:15,0
197,4926,1925,JPY,2023-11-13 01:01:56,1
198,916,5771,CNY,2022-04-30 09:31:50,0
199,3672,3266,GBP,2022-09-24 09:01:10,1
200,3927,7167,USD,2022-11-08 01:54:01,0
201,9812,-4053,EUR,2022-06-06 11:42:21,0
202,7247,-3808,GBP,2022-01-14 15:36:05,0
203,6751,9880,EUR,2023-02-18 09:37:06,1
204,2261,3848,RUB,2023-01-03 18:18:52,0
205,7663,-9170,USD,2022-04-18 22:03:18,1
206,9671,339,CNY,2024-10-29 02:59:17,0
207,6871,-5771,RUB,2022-05-30 17:02:21,0
208,4345,2444,EUR,2022-12-04 04:31:28,1
209,8311,-3447,GBP,2022-03-26 21:59:09,1
210,5956,8993,RUB,2022-02-26 01:34:20,0
211,3944,-8265,EUR,2024-04-10 02:11:55,1
212,5396,9012,RUB,2023-03-21 04:53:51,1
213,8129,7110,GBP,2023-08-05 15:43:32,0
214,8604,-901,JPY,2023-05-18 19:03:11,0
215,7506,-5361,USD,2023-06-23 10:24:38,1
216,1776,-1078,EUR,2024-11-12 02:51:25,1
217,6803,4840,RUB,2024-12-01 01:08:23,0
218,5826,2235,RUB,2023-11-09 23:00:01,1
219,6518,-4379,EUR,2024-07-02 23:12:54,0
220,1171,6902,EUR,2024-05-20 14:22:53,0
221,3823,-7892,EUR,2024-02-15 02:25:22,0
222,6462,3788,EUR,2024-07-18 08:22:09,1
223,6978,-6862,CNY,2022-09-11 22:07:06,1
224,8479,-5503,USD,2022-06-24 13:31:26,1
225,1809,6179,RUB,2022-04-28 07:06:34,0
226,757,-4151,RUB,2023-10-16 02:20:59,1
227,8578,3111,EUR,2022-03-08 19:17:02,0
228,7296,6807,CNY,2022-01-02 11:30:20,0
229,9163,163,USD,2023-12-15 15:47:28,1
230,2274,6255,JPY,2024-05-19 04:32:52,1
231,8400,4383,GBP,2023-07-10 06:09:43,1
232,2559,-5793,JPY,2024-02-23 16:27:11,0
233,6218,-3647,GBP,2022-01-09 14:47:49,0
234,3833,4631,RUB,2022-11-26 06:10:34,1
235,6942,-8240,RUB,2022-06-07 20:42:18,1
236,7999,-4086,CNY,2024-12-24 18:06:04,0
237,8772,-5390,CNY,2023-08-12 20:53:27,1
238,4743,-7359,JPY,2024-08-21 16:16:46,1
239,2776,-8598,JPY,2023-06-20 00:06:07,1
240,2485,-4369,RUB,2024-12-21 04:18:31,0
241,6440,2003,USD,2024-06-28 09:51:09,1
242,6545,-9857,USD,2024-03-27 20:03:24,1
243,617,7776,EUR,2022-07-03 06:56:51,1
244,538,-1295,EUR,2023-06-16 16:27:31,0
245,2165,-8504,JPY,2024-05-19 00:23:01,1
246,4593,-6506,RUB,2024-05-19 08:55:25,1
247,2783,9250,JPY,2022-09-12 07:01:28,1
248,7652,-1164,JPY,2023-12-18 09:44:15,0
249,6150,-8555,GBP,2024-09-22 19:46:12,0
250,2394,3830,GBP,2023-06-05 18:55:24,0
251,4264,2089,USD,2022-11-12 09:43:49,1
252,4883,5630,USD,2024-09-08 12:44:04,1
253,3211,-8561,CNY,2022-08-30 08:06:49,1
254,9886,-3416,USD,2022-07-23 15:22:18,0
255,1244,4766,CNY,2022-12-15 11:19:34,1
256,351,-3472,USD,2024-08-03 22:04:30,1
257,9005,-9025,GBP,2022-09-21 03:16:59,0
258,8513,-4700,JPY,2024-08-07 12:14:20,1
259,8791,8296,EUR,2023-10-14 17:46:25,0
260,8375,4541,USD,2024-08-16 03:47:30,1
261,6965,7015,EUR,2022-07-01 01:41:03,1
262,3292,6896,CNY,2022-07-25 14:40:04,1
263,5570,-4644,RUB,2024-12-07 15:35:25,0
264,7548,-4937,JPY,2023-09-17 02:29:23,1
265,1343,-4352,USD,2023-04-28 10:17:10,0
266,6415,6151,CNY,2022-11-21 05:47:23,1
267,7064,-9599,GBP,2024-09-10 14:53:44,1
268,3206,6273,RUB,2022-05-01 21:31:22,1
269,8740,9417,GBP,2024-03-30 06:36:15,1
270,432,5228,USD,2023-03-28 06:40:15,1
271,4831,-6347,RUB,2024-03-07 12:57:05,0
272,280,9985,CNY,2023-06-04 23:17:44,1
273,2264,6030,GBP,2023-07-07 07:01:53,0
274,7793,-1882,USD,2022-04-10 12:01:35,0
275,3359,1530,USD,2024-02-01 20:46:43,1
276,1280,-1893,EUR,2022-10-06 12:02:11,1
277,8873,7767,RUB,2024-12-27 20:27:53,1
278,7967,-9234,CNY,2023-11-03 09:02:37,0
279,8472,7583,RUB,2024-12-03 21:25:30,0
280,3941,-8826,USD,2024-05-12 23:29:50,1
281,6287,-7619,EUR,2023-06-27 01:16:01,0
282,9069,-7463,GBP,2024-09-26 16:21:38,1
283,3178,6627,RUB,2023-01-26 02:33:12,0
284,8971,4960,USD,2023-02-12 05:04:43,0
285,5104,-6377,CNY,2023-11-19 14:32:50,0
286,509,-5082,JPY,2022-05-08 21:13:43,0
287,8966,599,GBP,2024-06-07 16:18:19,1
288,8126,7926,RUB,2024-05-27 13:53:00,1
289,2622,4506,CNY,2023-06-12 21:49:32,0
290,2219,2140,CNY,2024-12-31 17:56:48,1
291,666,-9322,RUB,2023-02-23 06:08:37,1
292,4367,-3687,EUR,2023-05-07 20:36:53,1
293,5886,-4222,RUB,2022-06-07 05:49:28,1
294,9574,-5994,GBP,2023-11-27 09:09:05,1
295,1050,8301,CNY,2022-03-27 11:45:39,1
296,9917,2802,CNY,2024-10-04 09:22:59,0
297,2400,-2310,USD,2024-05-17 14:07:09,0
298,2146,7231,EUR,2024-06-26 22:31:16,0
299,2632,-5573,USD,2023-03-05 02:16:25,1
300,3881,-1192,JPY,2024-08-05 12:14:44,1
301,317,1412,GBP,2022-12-31 03:10:53,0
302,1413,2446,RUB,2023-12-15 14:16:23,0
303,6934,5240,GBP,2022-05-25 17:05:41,1
304,1526,1329,RUB,2022-05-18 22:40:20,0
305,6835,-4272,CNY,2023-03-06 15:23:05,0
306,898,5134,USD,2023-01-22 13:05:33,0
307,6607,9570,USD,2023-08-24 17:21:42,0
308,9959,3530,CNY,2023-11-22 15:29:17,0
309,8769,6655,CNY,2024-07-28 19:13:50,0
310,7673,-6912,CNY,2022-11-23 13:13:08,1
311,1295,-9497,CNY,2023-10-02 05:47:54,1
312,1742,4274,EUR,2023-02-02 21:01:15,0
313,2938,-4128,USD,2024-03-22 05:19:16,0
314,2770,-1754,USD,2024-10-05 06:26:34,1
315,4740,-337,GBP,2022-01-28 04:42:48,1
316,9713,-9252,USD,2022-04-16 07:58:36,0
317,1268,3260,GBP,2023-07-25 06:04:03,0
318,5064,4306,EUR,2022-11-13 18:46:17,1
319,6733,-4538,JPY,2024-03-29 23:50:47,1
320,2898,2772,JPY,2023-01-14 01:52:41,1
321,1282,3806,JPY,2024-09-13 22:14:08,1
322,2472,-9682,RUB,2022-05-06 12:03:57,0
323,823,7834,GBP,2023-09-19 20:32:41,0
324,4143,3661,JPY,2022-08-29 19:52:36,0
325,2392,-4271,USD,2023-10-13 22:37:18,1
326,7529,2617,RUB,2024-07-22 19:03:21,0
327,9150,-313,GBP,2024-02-02 02:00:21,1
328,4886,-5366,RUB,2022-04-25 21:42:21,1
329,7676,-6840,JPY,2024-05-27 17:52:59,1
330,1089,3862,GBP,2022-01-20 01:20:50,0
331,1402,-4764,RUB,2022-06-17 05:51:58,1
332,3499,-1284,JPY,2024-10-28 08:41:59,1
333,3275,-452,RUB,2022-11-09 02:01:03,0
334,3225,-6454,GBP,2022-01-19 18:49:45,1
335,7478,-6695,CNY,2022-04-14 10:47:50,0
336,701,-3440,JPY,2024-08-17 15:39:06,0
337,3787,7206,GBP,2024-07-23 12:07:00,1
338,7744,-9401,CNY,2022-08-05 13:36:58,0
339,4486,2475,USD,2022-02-05 14:17:31,1
340,6687,-295,USD,2024-04-27 07:32:29,1
341,9499,4076,CNY,2024-11-16 21:15:27,1
342,3901,1233,GBP,2024-04-26 14:07:23,1
343,6206,1724,USD,2022-05-08 05:50:27,0
344,8842,8062,USD,2024-02-02 22:14:08,1
345,2656,8812,USD,2023-06-05 02:28:37,0
346,742,4229,USD,2024-08-13 17:21:19,1
347,5251,-5311,GBP,2024-01-14 07:24:06,1
348,7696,8121,EUR,2024-03-02 01:03:32,1
349,2144,-8885,EUR,2024-07-04 14:23:37,1
350,8753,-6680,GBP,2024-03-22 19:47:48,1
351,4433,-6954,RUB,2024-05-05 01:04:39,0
352,7246,367,EUR,2022-09-07 13:01:29,1
353,2873,7893,GBP,2023-11-29 23:04:15,0
354,6256,-1580,JPY,2023-08-27 06:59:07,0
355,6923,6065,CNY,2023-07-30 14:56:25,0
356,7248,-353,RUB,2023-05-31 23:37:22,1
357,8600,6664,RUB,2024-07-12 14:03:40,0
358,1734,6711,GBP,2022-09-01 19:31:36,0
359,5590,-1684,USD,2022-06-30 16:44:51,0
360,4443,1389,JPY,2024-12-30 11:16:37,0
361,5298,4961,GBP,2022-09-03 16:36:42,1
362,8212,6805,USD,2023-07-31 09:23:02,0
363,2796,-2214,EUR,2024-05-03 11:47:02,0
364,1968,3033,USD,2022-05-21 08:19:12,1
365,1416,-1592,CNY,2022-12-23 10:27:41,1
366,5409,-5648,GBP,2023-11-03 22:03:57,1
367,9186,2635,EUR,2023-06-14 10:35:18,1
368,8626,-4590,CNY,2022-06-30 03:33:36,0
369,5349,7344,JPY,2024-12-04 21:57:27,1
370,4091,156,USD,2023-06-14 23:06:32,1
371,302,-2282,GBP,2022-11-10 00:14:00,0
372,6653,-3954,CNY,2023-01-10 23:27:01,1
373,9650,6222,USD,2023-12-10 00:44:26,1
374,648,9619,RUB,2022-12-27 22:01:03,1
375,8120,-4030,CNY,2022-06-15 12:19:27,0
376,3787,-1206,USD,2022-08-16 16:23:50,1
377,513,7978,CNY,2024-11-23 09:42:28,0
378,2028,-9444,CNY,2023-11-13 15:37:14,1
379,4819,-4917,USD,2022-05-29 03:42:26,1
380,1339,9914,CNY,2024-05-09 00:22:32,0
381,5419,-4144,CNY,2022-03-10 01:50:45,1
382,9630,-956,GBP,2024-04-09 13:01:58,1
383,6223,-5069,JPY,2024-06-30 00:01:35,1
384,7358,-8730,JPY,2022-07-27 09:58:54,1
385,4134,3097,GBP,2022-03-15 04:31:35,1
386,1983,-8977,EUR,2024-01-02 12:27:36,1
387,5926,-5082,GBP,2022-05-14 17:04:39,1
388,2753,-6535,GBP,2022-12-16 00:56:03,0
389,6068,-6560,JPY,2022-09-28 20:33:19,0
390,4192,9813,USD,2023-10-28 11:00:01,1
391,1560,2199,USD,2024-04-17 17:34:35,1
392,5785,7291,EUR,2023-06-17 07:12:36,0
393,6249,8203,EUR,2022-06-30 14:57:32,1
394,4056,4108,RUB,2023-05-21 09:43:33,1
395,8601,4160,RUB,2023-10-15 22:57:49,1
396,771,2089,GBP,2024-04-05 03:46:25,1
397,2507,8146,USD,2024-07-28 14:21:34,1
398,8153,7576,RUB,2022-02-20 16:13:14,1
399,6017,7620,GBP,2022-07-21 18:41:50,1
400,9031,-5629,EUR,2022-01-15 09:39:58,1
401,8325,2345,JPY,2023-08-31 13:14:30,0
402,7193,6539,JPY,2022-05-26 16:05:59,1
403,1196,-4742,CNY,2023-03-18 01:45:24,1
404,4682,-3571,JPY,2024-03-09 21:45:15,0
405,2853,-7462,CNY,2023-09-06 21:02:27,1
406,1279,-629,RUB,2024-08-22 09:13:47,0
407,9490,216,CNY,2024-04-09 04:07:48,1
408,9041,-8074,RUB,2023-07-12 23:08:39,0
409,460,4303,JPY,2022-10-26 00:26:49,1
410,3894,-5415,CNY,2022-02-06 15:11:43,1
411,918,-1524,EUR,2022-05-21 00:23:31,1
412,2921,5927,JPY,2024-02-26 23:59:21,1
413,4554,-6415,RUB,2023-02-14 13:47:04,1
414,3439,-8707,JPY,2022-07-07 14:11:30,1
415,4817,6184,RUB,2024-04-14 21:15:03,1
416,7675,3854,RUB,2024-03-28 01:06:32,0
417,8330,6782,EUR,2024-10-26 12:33:11,1
418,6294,-8086,RUB,2023-04-06 12:59:09,1
419,9266,9067,RUB,2022-09-11 07:17:51,1
420,8817,1599,USD,2022-03-13 18:53:11,0
421,6065,7868,GBP,2022-06-15 08:37:50,1
422,4749,-9509,USD,2023-06-21 05:23:26,1
423,8231,7308,JPY,2022-04-23 21:43:05,0
424,6920,440,EUR,2023-04-15 21:04:13,1
425,8424,9076,GBP,2022-12-22 07:08:18,0
426,2599,5216,RUB,2023-06-04 17:32:16,1
427,2425,-562,RUB,2023-10-18 14:57:26,1
428,4586,3603,GBP,2024-12-23 00:14:51,0
429,2358,4858,RUB,2022-12-16 01:54:44,1
430,7726,-6966,EUR,2024-03-27 21:10:49,1
431,2534,-2463,GBP,2022-07-17 13:11:01,1
432,411,1283,USD,2022-05-15 17:00:40,1
433,5488,8291,USD,2022-03-04 17:24:44,0
434,5922,-5206,GBP,2022-07-30 00:48:43,1
435,7240,-9983,USD,2024-11-14 13:01:24,1
436,2825,1356,JPY,2023-02-23 20:58:35,1
437,6288,1152,JPY,2022-10-26 02:25:20,0
438,8968,-9732,JPY,2022-11-18 21:33:22,0
439,7708,-1562,EUR,2023-12-25 18:24:39,1
440,3715,-439,JPY,2024-07-19 12:55:58,1
441,8683,6546,CNY,2024-11-25 13:11:52,0
442,3684,-4951,GBP,2022-09-09 21:02:02,0
443,831,-5019,GBP,2023-02-26 03:46:09,1
444,2634,-2204,GBP,2024-09-09 16:35:56,0
445,6051,-2544,CNY,2023-08-23 05:15:55,0
446,4296,-2009,EUR,2023-11-08 18:32:24,0
447,9238,8405,GBP,2023-11-27 15:11:35,1
448,5722,2191,RUB,2023-09-02 04:42:51,1
449,1542,-9544,EUR,2023-05-11 20:51:15,1
450,8547,129,RUB,2022-09-27 01:50:38,0
451,7903,-6157,USD,2023-09-11 05:08:33,0
452,4221,7508,RUB,2023-07-23 10:47:29,0
453,8740,3665,EUR,2023-11-25 16:11:19,0
454,5433,641,JPY,2022-08-08 09:09:40,0
455,9478,7655,GBP,2024-01-05 16:59:40,1
456,8358,7820,EUR,2023-08-25 21:25:51,0
457,5895,4966,JPY,2024-01-17 06:15:40,1
458,4364,-1876,JPY,2023-11-14 02:49:50,1
459,2686,4727,EUR,2023-09-26 19:18:08,0
460,8201,7075,RUB,2024-09-30 22:10:49,1
461,4807,2731,GBP,2024-05-17 06:35:36,0
462,459,-7335,RUB,2024-04-12 04:45:20,1
463,8865,-3866,RUB,2024-08-23 00:08:08,1
464,7036,-1646,EUR,2023-02-09 18:34:54,0
465,3506,-9858,USD,2024-11-30 19:48:05,1
466,4940,6956,USD,2024-10-22 04:48:55,0
467,3773,6255,USD,2022-05-19 11:18:09,1
468,9032,-9793,JPY,2023-07-12 04:45:41,1
469,4836,-6245,EUR,2024-06-20 11:28:20,1
470,9291,-3463,RUB,2022-08-09 14:46:13,1
471,4250,218,RUB,2022-10-12 19:20:20,1
472,4088,6901,JPY,2022-09-14 03:33:34,0
473,4793,-5702,EUR,2023-03-22 06:35:59,1
474,5917,390,GBP,2023-06-28 10:43:01,1
475,1971,-2613,CNY,2023-05-11 10:27:34,1
476,1312,-5669,RUB,2022-07-26 18:36:53,0
477,8908,5791,USD,2024-03-13 03:47:56,1
478,8609,-6831,RUB,2022-02-02 08:18:59,1
479,123,9758,GBP,2022-02-23 00:30:29,0
480,5248,6866,USD,2024-05-03 14:06:40,0
481,2976,-8423,EUR,2023-07-12 14:18:48,1
482,6249,-1815,USD,2022-01-30 21:15:05,0
483,5948,-6044,RUB,2024-01-11 20:17:57,0
484,344,-7466,CNY,2024-09-19 23:55:07,1
485,9169,7023,JPY,2024-12-08 20:41:53,0
486,8375,-5777,RUB,2022-05-17 10:07:58,1
487,950,9639,CNY,2023-05-05 12:16:32,0
488,6290,8617,GBP,2022-03-21 02:28:47,1
489,9451,7540,RUB,2023-10-24 15:42:17,0
490,6592,-784,EUR,2023-10-18 09:55:29,0
491,7196,6269,RUB,2023-09-16 02:32:40,1
492,6574,2263,USD,2023-10-26 23:22:35,1
493,2011,-5677,GBP,2023-01-23 05:55:26,0
494,2681,-3015,EUR,2022-05-21 09:47:54,1
495,5456,9726,RUB,2023-03-26 07:27:30,0
496,4814,598,RUB,2023-06-14 22:47:48,0
497,5631,-4698,RUB,2024-02-29 21:36:56,0
498,1737,-2631,RUB,2024-08-29 03:39:39,1
499,7701,-6902,USD,2023-12-15 16:15:40,1
500,3103,-4983,RUB,2022-07-27 10:24:31,1
501,4958,-5293,USD,2022-08-23 16:54:57,1
502,7602,9993,CNY,2024-10-27 07:00:03,1
503,3638,-6712,JPY,2024-06-17 06:35:10,0
504,8557,-2651,EUR,2023-08-11 18:11:06,0
505,678,-6412,JPY,2024-03-27 05:45:33,1
506,2183,3185,CNY,2023-12-15 11:53:51,1
507,8642,-5611,USD,2024-02-27 03:56:33,0
508,9864,3120,JPY,2024-11-29 00:03:34,0
509,2286,821,RUB,2022-12-07 00:42:50,0
510,8757,-7795,JPY,2022-11-25 05:11:16,0
511,130,-6897,CNY,2022-05-03 18:14:08,0
512,6454,8347,CNY,2024-04-29 23:18:46,1
513,9365,-558,CNY,2024-04-17 06:09:26,0
514,1276,-408,USD,2024-02-13 04:02:02,0
515,7364,7237,GBP,2023-01-12 12:16:24,1
516,3548,9523,RUB,2022-08-04 00:05:29,0
517,5484,-2154,JPY,2024-02-07 04:55:49,0
518,6577,-3474,JPY,2022-08-30 01:24:53,1
519,2962,5640,GBP,2023-07-13 18:45:04,1
520,7614,8278,EUR,2023-01-29 19:31:47,0
521,2493,-7820,CNY,2023-12-22 18:44:58,1
522,1718,4441,JPY,2022-03-11 04:52:25,0
523,2934,9810,EUR,2023-02-13 22:27:20,0
524,2958,-9459,EUR,2023-06-01 10:51:36,1
525,6200,9771,CNY,2022-10-06 16:51:39,1
526,1849,3952,CNY,2024-06-24 02:21:28,0
527,5424,-8260,GBP,2022-06-16 15:59:45,1
528,1099,9843,JPY,2024-04-18 17:06:02,0
529,3693,4548,RUB,2023-04-04 10:59:53,1
530,2820,-5215,EUR,2024-02-18 06:01:39,0
531,397,7498,EUR,2023-02-27 06:13:52,1
532,7080,5578,EUR,2023-03-31 14:52:02,0
533,4279,-4053,CNY,2022-08-15 19:44:49,0
534,2914,-3192,USD,2023-02-15 02:04:30,0
535,8784,202,EUR,2024-04-08 18:13:33,0
536,6141,-5391,EUR,2023-01-01 17:44:45,0
537,5562,-415,USD,2023-03-02 19:45:29,1
538,879,4588,USD,2022-02-25 21:16:47,1
539,2038,-7687,EUR,2022-08-22 16:24:30,0
540,148,7555,GBP,2024-10-30 03:28:12,1
541,3622,-5286,JPY,2024-10-27 15:30:08,1
542,7590,504,JPY,2022-07-08 21:19:30,1
543,6825,3430,CNY,2024-06-09 23:16:43,1
544,6031,-9126,CNY,2024-06-24 02:22:56,1
545,1163,-181,RUB,2023-02-17 16:16:02,1
546,3225,-8536,GBP,2024-09-28 22:56:09,1
547,8134,-1605,RUB,2024-01-11 22:07:47,0
548,6539,-733,JPY,2023-04-10 09:34:03,0
549,7192,3549,RUB,2022-08-24 22:49:53,0
550,2422,-4567,GBP,2023-07-19 22:12:35,1
551,6701,-2030,JPY,2022-06-03 21:44:16,0
552,1027,5287,CNY,2024-07-02 00:58:16,1
553,5454,5405,GBP,2024-01-08 12:02:20,0
554,3937,-6037,USD,2024-08-05 19:07:58,0
555,6736,-7229,USD,2023-04-09 08:16:42,1
556,5760,-4914,EUR,2023-06-17 09:48:41,1
557,2319,-5621,USD,2024-05-31 19:24:08,0
558,6670,657,EUR,2022-04-07 11:27:39,1
559,8420,2983,EUR,2024-10-06 01:09:54,1
560,6833,-8742,GBP,2022-11-02 00:04:49,0
561,969,1094,EUR,2023-12-22 09:14:34,1
562,3051,-9548,EUR,2024-03-12 11:16:23,0
563,6398,1438,JPY,2022-12-02 07:05:05,1
564,5620,3474,GBP,2023-03-04 13:57:34,0
565,4980,9592,EUR,2023-01-25 12:19:35,0
566,1186,9832,CNY,2023-06-03 00:16:28,0
567,7157,7570,GBP,2022-05-17 01:02:39,1
568,9134,8829,RUB,2022-07-30 14:53:32,1
569,6390,-2690,GBP,2024-05-08 03:23:53,1
570,8231,-3269,USD,2023-09-07 23:57:14,0
571,2781,-3332,CNY,2022-08-09 04:30:57,1
572,2621,-2901,JPY,2022-09-17 18:20:11,1
573,2454,4530,CNY,2022-10-02 02:31:30,1
574,7934,-4777,EUR,2024-05-31 20:30:14,0
575,1466,4734,RUB,2022-06-13 07:33:27,0
576,870,-1172,GBP,2024-03-05 11:04:55,1
577,7347,1185,JPY,2023-07-07 10:00:57,0
578,1191,-4187,USD,2023-02-02 06:58:27,1
579,4162,7174,CNY,2022-01-27 23:46:19,0
580,465,4298,EUR,2022-04-14 02:49:15,0
581,1319,-7189,EUR,2022-11-22 18:57:19,0
582,5776,1500,GBP,2023-02-01 00:45:25,0
583,2839,-6244,RUB,2023-04-18 15:21:55,1
584,2729,-5423,USD,2023-09-16 10:29:53,1
585,8399,-600,CNY,2024-11-04 12:52:40,0
586,2529,-6137,JPY,2023-08-23 11:10:39,1
587,1681,-5733,RUB,2024-10-30 13:40:19,0
588,5451,-7625,CNY,2023-09-28 03:44:34,1
589,3954,-9596,GBP,2024-09-04 05:29:12,0
590,7092,-8926,GBP,2022-11-23 06:56:29,1
591,8176,-6890,JPY,2023-10-24 17:21:58,0
592,1069,-872,EUR,2023-05-15 12:38:29,1
593,4189,6207,EUR,2022-01-02 10:26:37,1
594,9954,9500,GBP,2023-01-26 14:46:56,1
595,7716,9357,EUR,2023-12-26 11:49:36,0
596,9298,-6491,USD,2022-02-11 17:19:23,1
597,142,-7908,GBP,2024-10-07 11:12:20,1
598,9519,9581,CNY,2022-04-26 10:27:13,1
599,9973,-8530,EUR,2024-07-14 11:50:51,1
600,269,-5300,USD,2023-12-11 04:33:24,1
601,9670,3644,EUR,2024-03-22 13:38:39,0
602,3865,2142,EUR,2022-12-12 13:58:08,1
603,6753,7006,EUR,2022-07-07 02:47:25,1
604,1936,617,JPY,2022-05-05 13:01:21,1
605,6858,-4502,GBP,2023-04-12 08:07:27,0
606,5893,5579,CNY,2022-01-24 21:54:16,1
607,160,6915,JPY,2022-08-21 22:50:56,0
608,3518,-5069,JPY,2023-06-30 06:43:12,0
609,3883,-5554,JPY,2022-01-10 04:30:03,1
610,971,3772,GBP,2022-05-22 13:40:07,1
611,1076,-9220,EUR,2024-06-23 18:15:22,1
612,2241,-5049,JPY,2024-06-29 18:10:55,0
613,6955,3162,CNY,2024-08-19 13:11:11,1
614,965,1702,RUB,2024-12-28 14:48:20,1
615,3326,2335,USD,2023-06-10 05:44:42,0
616,8498,-2318,RUB,2022-12-31 02:31:27,1
617,3132,-7407,USD,2024-12-06 14:09:09,0
618,800,-5405,RUB,2022-03-06 01:16:53,0
619,5002,1284,EUR,2023-09-12 20:12:53,0
620,8008,9312,CNY,2023-06-19 17:53:15,1
621,6047,-2015,JPY,2023-01-07 14:05:09,1
622,3628,8589,RUB,2024-09-08 13:08:44,1
623,4772,-6961,JPY,2022-05-29 07:14:22,1
624,7424,2284,RUB,2023-09-15 02:07:04,0
625,2581,8727,RUB,2022-11-08 13:24:30,0
626,4596,-4909,JPY,2024-12-15 20:28:21,1
627,723,-7836,JPY,2024-05-08 06:40:38,1
628,8671,-6917,EUR,2022-10-11 05:42:09,0
629,4338,5328,RUB,2024-03-21 10:06:33,0
630,1571,471,RUB,2024-05-05 00:32:16,0
631,5672,-6688,CNY,2023-04-06 15:02:17,1
632,1679,-7615,USD,2023-06-03 10:18:05,1
633,9776,3842,GBP,2024-09-05 22:30:22,0
634,2097,7507,USD,2024-07-20 23:32:58,1
635,7431,-2180,RUB,2023-10-11 08:21:55,1
636,2358,-4833,EUR,2023-06-29 11:47:05,1
637,3189,-2348,GBP,2022-02-15 12:37:16,0
638,4554,-2180,CNY,2024-08-24 04:44:02,1
639,3419,-5553,EUR,2023-02-23 17:12:45,0
640,9910,4705,EUR,2023-08-30 01:59:37,0
641,8434,-4117,RUB,2024-06-18 02:03:11,1
642,5874,3229,JPY,2022-04-22 23:42:52,1
643,4202,-7778,CNY,2024-08-17 05:06:32,0
644,2221,5023,USD,2024-08-12 11:59:08,0
645,154,-3414,USD,2022-07-24 22:38:47,1
646,2718,-3884,RUB,2024-06-26 11:36:12,0
647,937,2204,EUR,2024-09-02 11:41:16,0
648,3452,6199,RUB,2022-02-09 10:46:22,1
649,6198,-806,USD,2022-08-04 17:35:59,1
650,7059,4158,RUB,2023-10-08 18:15:47,1
651,9871,6221,EUR,2024-06-18 01:42:15,0
652,4585,-3304,EUR,2022-06-27 14:24:46,1
653,657,-2347,GBP,2023-05-21 03:02:18,0
654,4107,4452,RUB,2022-01-26 07:08:41,0
655,9306,-8581,RUB,2022-08-21 20:30:21,1
656,6830,6859,JPY,2022-08-20 18:03:49,0
657,6001,1965,JPY,2022-12-21 05:20:06,1
658,4004,397,JPY,2023-02-20 17:25:33,0
659,3490,3317,CNY,2023-12-07 17:22:19,1
660,829,8165,GBP,2024-02-15 16:43:30,1
661,5460,4648,RUB,2024-03-30 12:00:19,0
662,8452,-8387,USD,2023-09-29 08:00:39,1
663,5851,8681,EUR,2024-06-09 23:09:19,0
664,5621,2672,GBP,2022-05-21 06:16:36,1
665,810,8152,USD,2022-02-06 23:49:14,1
666,6316,956,EUR,2023-02-05 02:31:32,1
667,737,9003,EUR,2022-08-23 23:56:39,0
668,8217,-1801,EUR,2022-10-29 04:23:47,1
669,1888,7572,EUR,2022-04-21 10:45:00,0
670,2782,4767,USD,2023-08-22 07:39:13,1
671,1401,1885,RUB,2023-05-23 23:24:32,1
672,2575,-2720,JPY,2023-08-27 20:58:13,0
673,5240,9835,RUB,2024-02-25 13:35:01,1
674,3494,-4120,EUR,2022-05-28 05:37:46,1
675,1260,-2169,USD,2023-07-20 13:30:43,0
676,7946,-8141,CNY,2024-07-10 00:20:00,1
677,362,-9879,USD,2023-04-15 14:42:51,1
678,2377,9003,CNY,2023-06-18 12:41:30,0
679,946,3659,USD,2023-06-24 17:24:17,0
680,2725,1460,RUB,2022-11-09 20:23:52,1
681,1035,-3796,CNY,2022-10-18 02:36:04,1
682,2961,6785,CNY,2024-09-18 16:33:13,1
683,5836,8604,RUB,2024-10-09 18:49:52,0
684,7671,5632,USD,2023-01-13 03:14:25,1
685,5054,1136,GBP,2022-07-07 16:41:02,1
686,2309,2554,CNY,2024-11-22 09:54:58,0
687,4508,2776,RUB,2024-02-06 12:56:00,0
688,7336,-9745,EUR,2024-04-17 23:56:42,0
689,8573,3580,EUR,2022-08-02 01:48:50,0
690,5500,1817,GBP,2022-01-05 17:30:49,0
691,6250,8012,CNY,2022-04-02 10:02:57,0
692,2141,681,USD,2024-11-17 21:21:42,1
693,583,-2132,CNY,2023-05-21 11:00:07,1
694,3597,-5105,RUB,2022-09-13 12:09:41,1
695,4840,-2621,JPY,2024-04-20 07:05:26,0
696,3122,-5611,GBP,2024-04-13 00:33:37,1
697,5975,1488,CNY,2022-02-08 14:41:44,0
698,5767,-7689,JPY,2023-05-27 00:07:52,1
699,3845,6589,USD,2023-02-12 17:00:23,1
700,6115,-4728,EUR,2024-02-19 14:49:13,1
701,4546,-1845,USD,2023-10-18 20:35:10,0
702,4933,-7590,USD,2022-03-03 23:00:04,0
703,1604,9715,JPY,2023-08-19 12:11:05,1
704,3300,-7504,JPY,2024-06-07 23:59:12,1
705,7910,8806,USD,2022-03-10 00:09:34,1
706,3524,4039,RUB,2023-12-26 12:56:48,0
707,5152,-3699,EUR,2022-12-05 09:22:31,1
708,8763,6076,RUB,2024-05-15 09:48:38,1
709,483,3366,USD,2022-01-13 04:56:04,1
710,2875,4124,JPY,2022-05-07 10:29:04,1
711,940,940,GBP,2022-01-15 23:13:34,1
712,9710,-3528,JPY,2024-10-05 13:25:26,0
713,1470,-119,RUB,2023-12-19 19:11:32,0
714,7934,-4099,USD,2022-01-24 14:19:11,0
715,1715,-7544,CNY,2023-05-18 16:39:19,0
716,8624,6980,CNY,2022-04-24 01:04:12,1
717,1739,522,CNY,2024-11-20 01:14:28,0
718,618,4936,CNY,2024-02-20 14:02:53,1
719,3092,-8092,EUR,2023-05-21 09:31:06,1
720,9496,5502,GBP,2023-05-14 09:03:32,0
721,3411,-6449,CNY,2024-02-19 08:57:39,0
722,7013,-9465,GBP,2023-07-07 20:18:15,0
723,2755,-7268,EUR,2022-10-17 21:20:30,1
724,7563,6675,CNY,2022-11-30 15:39:24,1
725,5740,-2101,RUB,2022-05-18 02:52:47,0
726,5685,-697,EUR,2023-05-29 00:24:47,0
727,9530,-4908,GBP,2022-12-24 17:01:12,1
728,721,4935,USD,2023-11-17 14:11:54,0
729,9641,9033,JPY,2022-02-05 17:38:57,1
730,1523,-1689,CNY,2024-02-09 14:46:50,1
731,9064,2845,CNY,2024-11-01 15:58:37,0
732,8444,3757,EUR,2023-12-30 08:45:51,1
733,4944,-8843,GBP,2024-04-14 15:12:59,0
734,1037,4847,RUB,2023-07-18 19:51:25,0
735,1349,-8788,EUR,2023-10-20 09:13:10,1
736,366,5809,RUB,2024-01-22 01:45:00,1
737,2445,218,CNY,2023-06-26 10:51:44,1
738,6786,-8897,RUB,2022-11-07 19:51:03,0
739,3260,-4795,GBP,2024-07-03 13:25:02,0
740,3976,-2893,RUB,2024-11-18 20:23:55,1
741,9521,-5472,JPY,2022-05-25 11:43:19,0
742,9149,1852,GBP,2023-12-14 16:13:55,1
743,1258,7808,EUR,2023-12-14 00:20:54,1
744,4525,7135,JPY,2022-07-13 07:33:36,1
745,4847,-2381,CNY,2023-04-27 04:51:01,1
746,8187,704,RUB,2022-06-02 15:52:07,0
747,8555,2029,GBP,2023-01-29 14:22:03,0
748,234,8284,EUR,2024-02-12 20:34:27,1
749,6021,-2595,JPY,2022-11-20 15:28:39,1
750,7852,-2684,USD,2024-05-09 03:17:21,1
751,7672,-4480,JPY,2023-12-02 16:09:39,0
752,3414,-6244,USD,2024-05-19 06:54:28,1
753,1890,-4286,RUB,2022-03-26 06:13:47,0
754,7503,-9131,GBP,2023-10-22 00:27:17,1
755,7592,-4387,EUR,2024-06-27 05:20:13,0
756,4109,-3156,USD,2024-04-08 11:46:13,0
757,4131,-6973,RUB,2023-03-31 11:39:00,1
758,3032,4559,EUR,2024-05-03 19:42:29,1
759,9774,9123,EUR,2023-04-05 13:54:13,1
760,4555,8364,JPY,2023-05-22 11:06:36,1
761,647,-6893,EUR,2022-04-08 02:43:26,0
762,5679,-2078,JPY,2023-05-24 00:44:07,0
763,5617,5874,USD,2024-12-19 13:07:02,1
764,129,-5209,CNY,2023-07-22 10:46:02,1
765,6205,-5857,EUR,2022-05-02 16:27:19,1
766,1248,3177,RUB,2022-02-28 17:55:09,1
767,768,-1343,CNY,2023-06-13 11:12:13,1
768,2790,9110,RUB,2024-02-10 10:14:01,1
769,6618,4289,EUR,2023-04-18 12:28:21,1
770,7421,-583,CNY,2023-02-21 13:48:03,1
771,6030,6624,RUB,2024-12-31 04:13:40,0
772,4313,-9188,EUR,2023-08-18 09:13:14,0
773,6864,6805,RUB,2023-05-13 10:03:25,1
774,5193,-2469,JPY,2022-10-20 00:29:00,1
775,4326,-9220,JPY,2022-11-26 06:24:10,0
776,4999,496,JPY,2023-07-19 12:19:41,1
777,7217,7247,USD,2023-09-29 19:09:21,0
778,7955,-7393,EUR,2023-01-18 16:07:31,0
779,1689,-6231,USD,2022-11-15 09:50:37,1
780,337,1692,JPY,2023-10-26 16:14:31,0
781,477,1198,JPY,2023-11-18 15:12:08,1
782,4647,-7647,CNY,2022-09-20 14:52:50,0
783,270,-6270,EUR,2022-10-30 14:45:21,0
784,143,-8207,JPY,2024-05-15 18:24:02,0
785,9475,1276,USD,2022-04-29 08:13:06,1
786,4035,-5638,USD,2023-05-03 02:53:42,0
787,2939,6661,USD,2022-11-20 05:14:32,0
788,7040,-6809,USD,2022-08-07 17:36:29,1
789,6659,9985,GBP,2023-04-12 01:14:47,0
790,5120,-189,RUB,2024-04-07 17:54:36,0
791,9907,4290,EUR,2024-10-20 17:52:53,1
792,3265,8269,JPY,2022-12-30 04:16:12,1
793,864,2187,CNY,2024-09-15 06:30:47,0
794,8821,8684,CNY,2023-02-18 11:10:53,0
795,6333,-4635,CNY,2022-04-12 09:33:45,0
796,5438,8932,GBP,2022-08-09 18:27:35,1
797,5726,1570,EUR,2024-09-01 17:19:34,1
798,4302,-7445,JPY,2024-04-19 04:47:53,0
799,2429,-6304,USD,2023-10-19 15:30:03,1
800,2562,7165,CNY,2024-02-13 18:14:47,1
801,9917,-5682,EUR,2024-09-27 17:44:34,0
802,2562,9276,JPY,2023-04-18 06:27:00,1
803,8999,1502,CNY,2024-06-14 21:25:04,0
804,5409,4147,EUR,2024-02-24 10:14:58,1
805,5535,-627,CNY,2023-02-07 02:37:15,1
806,5350,-9588,USD,2022-02-12 08:19:25,1
807,3441,495,JPY,2024-04-21 07:35:21,1
808,5735,694,RUB,2024-01-27 01:13:50,0
809,5494,3999,EUR,2024-11-29 15:27:27,1
810,4055,516,CNY,2023-08-24 03:10:41,0
811,3457,-306,CNY,2024-05-11 08:32:42,1
812,3786,1837,RUB,2022-10-06 16:15:07,0
813,7634,-1562,EUR,2024-02-14 21:25:03,1
814,4976,-5983,USD,2024-12-15 23:03:40,0
815,3304,-9426,USD,2024-04-07 08:22:40,1
816,5748,7749,JPY,2023-09-21 10:47:38,1
817,9361,6566,RUB,2022-07-30 08:51:07,0
818,6385,5738,EUR,2022-11-22 21:56:28,1
819,7576,-6970,RUB,2023-08-06 09:18:04,0
820,118,9865,JPY,2022-12-21 05:29:53,0
821,3571,-846,RUB,2022-03-15 09:03:32,0
822,1128,-3340,EUR,2023-09-18 22:01:26,0
823,8928,-9674,USD,2022-09-01 18:20:01,1
824,3977,4109,CNY,2022-04-11 05:55:33,1
825,8713,4733,EUR,2023-03-28 06:39:37,1
826,4770,-5702,RUB,2023-06-30 00:55:27,1
827,1137,-5600,CNY,2023-03-30 21:36:40,0
828,8571,-6902,JPY,2023-05-21 15:23:21,1
829,5508,1762,USD,2022-12-05 11:33:36,1
830,4120,3112,RUB,2022-01-04 01:45:17,1
831,4200,9331,GBP,2022-07-13 05:30:14,0
832,715,-8871,RUB,2023-05-18 14:57:15,1
833,7391,-6250,GBP,2023-10-03 12:14:44,1
834,7357,-5979,GBP,2024-12-05 04:06:51,0
835,7675,-6840,RUB,2022-09-12 06:05:01,1
836,7621,-9655,USD,2023-06-20 18:51:55,1
837,9714,1910,CNY,2024-01-09 14:47:26,0
838,6837,7301,EUR,2023-11-11 05:22:54,0
839,5573,6111,CNY,2024-02-21 15:28:53,1
840,9039,-1994,USD,2024-08-09 15:29:20,0
841,6239,6238,USD,2023-05-17 02:14:11,0
842,7930,7907,EUR,2023-09-15 01:36:00,1
843,5591,-9442,GBP,2023-04-16 16:54:10,0
844,5400,-8783,USD,2023-08-01 04:58:45,0
845,7185,6451,CNY,2022-06-12 09:20:47,1
846,5418,2059,EUR,2022-05-09 17:07:45,1
847,4704,9248,RUB,2024-03-04 18:25:09,0
848,5888,403,JPY,2023-08-05 21:22:55,0
849,1709,-830,USD,2022-03-07 22:46:36,0
850,8810,-468,EUR,2024-01-24 21:13:20,1
851,3363,5438,EUR,2024-03-31 10:58:17,1
852,2796,2121,JPY,2024-04-24 19:16:08,1
853,6109,-8114,JPY,2022-07-14 21:07:09,1
854,4380,-9926,EUR,2022-12-01 14:30:03,1
855,5774,-3950,USD,2023-06-27 17:50:57,1
856,8387,2335,EUR,2023-03-15 05:39:16,0
857,5332,-5444,GBP,2023-07-06 14:13:05,0
858,2024,5877,RUB,2023-02-12 09:49:02,0
859,7141,-9758,GBP,2023-01-07 02:35:52,0
860,2290,-6077,CNY,2023-07-08 09:13:12,1
861,9544,-1422,USD,2023-01-14 00:15:32,1
862,443,-6524,CNY,2024-11-09 16:36:25,1
863,3467,-412,JPY,2023-05-01 23:48:15,0
864,5655,4698,CNY,2023-05-11 23:12:10,0
865,7795,5068,JPY,2024-11-07 07:36:51,0
866,7329,3027,USD,2024-08-30 06:07:52,1
867,3826,9848,JPY,2022-05-19 16:18:50,0
868,3389,-4232,EUR,2022-08-24 02:09:17,1
869,5357,5829,CNY,2022-05-23 15:34:56,1
870,3118,5812,CNY,2022-11-24 23:14:17,0
871,6496,185,CNY,2023-11-24 06:51:17,1
872,4456,8265,EUR,2024-09-11 13:03:16,0
873,8750,8774,GBP,2022-07-11 20:21:19,0
874,8791,-597,JPY,2022-09-27 12:51:56,0
875,5702,7995,CNY,2024-03-04 08:03:12,0
876,9227,-2777,RUB,2022-09-25 14:11:27,1
877,7708,-1473,GBP,2024-10-25 12:08:46,1
878,1599,1231,EUR,2022-09-06 12:10:04,1
879,2902,1504,CNY,2024-08-26 18:11:37,1
880,9035,4445,EUR,2024-08-26 18:40:06,0
881,3596,6872,USD,2022-02-10 16:44:57,1
882,7159,-8119,JPY,2024-12-16 21:29:52,1
883,500,-248,RUB,2024-08-04 16:59:36,1
884,7024,5605,JPY,2022-11-08 01:02:06,1
885,2194,-3859,USD,2022-02-04 08:05:49,0
886,8092,6066,CNY,2024-11-08 09:38:01,1
887,8535,-1337,RUB,2022-04-18 15:56:42,1
888,3268,6535,RUB,2022-01-11 13:58:38,0
889,6628,-9647,RUB,2022-01-09 10:26:02,1
890,4424,-8718,CNY,2022-03-29 08:02:02,0
891,3628,6909,GBP,2023-01-16 01:45:45,1
892,1868,4265,GBP,2024-09-30 14:31:12,0
893,2236,3658,RUB,2023-11-22 05:17:51,0
894,8754,-4843,RUB,2023-05-17 05:46:01,0
895,8594,8652,GBP,2023-08-30 18:40:08,1
896,876,5484,USD,2023-06-24 15:42:55,1
897,5456,3725,GBP,2022-07-17 11:44:21,1
898,8785,7686,GBP,2023-11-19 02:39:27,1
899,4286,4701,RUB,2023-06-25 04:17:47,0
900,4000,-9713,JPY,2023-02-09 15:21:35,0
901,8852,1892,RUB,2024-10-21 10:25:20,1
902,7162,9980,JPY,2022-03-06 11:57:24,0
903,5832,-3588,EUR,2024-03-18 23:43:11,0
904,8867,-6212,GBP,2022-02-11 03:42:27,0
905,622,6194,JPY,2023-10-01 20:23:53,1
906,2162,-5372,JPY,2024-05-31 22:13:21,1
907,9083,5501,JPY,2024-09-20 17:42:32,0
908,2601,-7936,GBP,2024-12-31 00:54:13,0
909,4263,-7617,CNY,2024-02-05 04:45:29,0
910,1892,-6299,CNY,2024-10-07 02:00:19,1
911,4271,6223,GBP,2022-05-29 19:41:00,1
912,7871,-4688,JPY,2023-04-15 14:35:31,0
913,7660,9707,EUR,2022-08-21 02:15:32,0
914,7376,-8367,EUR,2024-12-15 16:47:34,1
915,6318,2580,CNY,2022-05-26 04:39:41,0
916,4607,-9029,JPY,2024-03-15 23:06:24,1
917,7126,5973,GBP,2024-03-27 06:38:22,0
918,2860,1336,RUB,2023-11-30 16:56:15,1
919,7771,-5071,EUR,2024-02-15 23:41:17,0
920,4520,7625,EUR,2024-06-26 20:40:03,1
921,2043,1732,USD,2022-05-16 05:28:07,1
922,6972,-2076,RUB,2024-02-01 20:13:09,1
923,8225,5526,USD,2023-10-07 05:04:16,1
924,1577,7770,JPY,2023-02-12 19:53:44,0
925,8360,6906,RUB,2023-01-18 21:44:56,1
926,174,999,GBP,2023-08-02 19:00:41,0
927,4963,4492,JPY,2023-08-26 23:52:40,1
928,8018,-5218,USD,2023-09-17 05:39:37,0
929,1301,3895,EUR,2024-02-10 23:37:24,0
930,4757,1907,GBP,2022-09-09 13:40:53,0
931,321,-7585,JPY,2022-06-22 06:32:37,0
932,6875,3106,USD,2023-02-25 06:31:32,1
933,6031,-645,EUR,2024-07-29 08:30:08,1
934,9644,4419,GBP,2022-01-20 17:37:43,0
935,9664,7315,JPY,2023-10-08 21:04:54,0
936,6965,2305,USD,2023-10-22 23:54:32,1
937,9205,-4687,RUB,2022-05-03 06:34:29,0
938,7225,-8264,USD,2022-11-10 08:37:24,1
939,4212,2993,JPY,2023-11-18 10:53:01,1
940,9634,-4277,JPY,2022-12-21 02:02:47,1
941,6348,-2687,CNY,2024-01-01 07:08:46,1
942,1806,-5208,USD,2024-07-09 03:14:25,1
943,6186,-9378,USD,2023-07-29 14:16:37,0
944,5378,6235,USD,2023-08-14 08:04:48,0
945,2187,3673,CNY,2024-07-31 04:00:21,0
946,302,4051,EUR,2022-10-15 23:00:00,0
947,5400,7861,JPY,2022-03-05 14:45:46,0
948,6896,-3491,RUB,2024-07-20 03:42:33,0
949,905,-196,GBP,2022-09-08 08:20:23,0
950,9900,-1480,JPY,2022-02-16 23:58:20,1
951,1490,3634,RUB,2022-10-19 13:02:49,1
952,5883,1504,GBP,2024-01-26 23:17:00,1
953,8798,-5613,CNY,2024-12-21 21:08:43,0
954,5762,-1984,JPY,2024-04-25 16:58:10,1
955,9194,4568,GBP,2022-07-27 20:47:53,1
956,9353,2420,CNY,2022-08-05 01:54:00,1
957,8819,-1948,USD,2023-07-04 18:12:54,0
958,4249,-7949,GBP,2022-05-12 19:04:44,1
959,5016,8820,GBP,2022-06-08 22:24:59,1
960,9142,7056,CNY,2022-09-03 04:28:37,0
961,6634,431,EUR,2022-11-18 16:55:04,1
962,9379,9421,JPY,2022-06-03 21:56:50,1
963,8166,-7445,USD,2023-12-05 01:01:27,1
964,9414,-5019,USD,2022-07-16 07:24:40,0
965,8462,5720,CNY,2023-05-18 13:06:53,1
966,9861,6970,CNY,2023-12-20 06:53:42,0
967,4779,3881,CNY,2023-11-11 22:49:04,0
968,1910,7742,EUR,2024-09-27 15:34:57,0
969,6212,-5531,EUR,2022-05-11 11:45:11,0
970,7903,9483,GBP,2022-12-23 19:45:35,1
971,3543,-6922,EUR,2023-01-15 12:29:51,1
972,3015,3100,CNY,2022-02-25 14:05:49,0
973,7435,3919,CNY,2022-03-11 19:32:17,1
974,8291,-4540,JPY,2024-05-17 13:53:08,1
975,8161,8641,CNY,2022-01-14 16:25:04,1
976,7227,-6808,CNY,2024-12-19 12:28:29,0
977,6621,-4594,RUB,2022-04-17 11:45:53,1
978,2977,-9601,EUR,2022-01-02 01:46:20,1
979,7803,-5743,JPY,2023-07-23 01:40:49,0
980,351,9705,EUR,2024-05-14 10:54:56,0
981,7798,-1092,EUR,2023-08-02 19:10:06,1
982,5062,-2741,JPY,2022-12-14 10:13:25,0
983,1617,-557,GBP,2024-11-17 13:22:05,0
984,7935,-7795,USD,2024-12-30 21:19:52,0
985,3184,-1090,JPY,2023-05-10 08:43:24,0
986,6316,9807,RUB,2023-08-03 11:11:59,0
987,722,9580,GBP,2024-08-05 19:15:59,0
988,5087,-7052,USD,2022-06-17 07:48:58,0
989,6828,5284,JPY,2022-07-08 08:10:29,1
990,2378,-2249,RUB,2022-03-11 08:40:24,0
991,7027,7303,CNY,2024-03-02 09:54:10,1
992,8888,9143,JPY,2022-12-04 10:07:49,0
993,2761,2205,USD,2023-11-17 07:28:21,1
994,803,873,GBP,2022-08-29 23:25:25,1
995,3060,9715,USD,2023-05-02 21:26:16,1
996,3538,-9507,RUB,2024-06-26 17:43:04,0
997,6726,-5818,USD,2022-06-13 17:00:35,0
998,9075,-7952,GBP,2022-02-01 15:10:16,0
999,4127,-5058,RUB,2022-02-06 03:07:54,0
1000,4694,9720,RUB,2022-11-02 10:25:27,1
